﻿<?xml version="1.0" encoding="utf-8" ?>
<SmartSqlMapConfig xmlns="http://SmartSql.net/schemas/SmartSqlMapConfig.xsd">
  <Settings IsWatchConfigFile="false" IgnoreParameterCase="false" ParameterPrefix="$"  IsCacheEnabled="true"/>
  <Database>
    <!--ParameterPrefix:[SqlServer:@ | MySQL:? |Oracle::] -->
    <DbProvider Name="MySqlClientFactory" ParameterPrefix="?" Type="MySql.Data.MySqlClient.MySqlClientFactory,MySql.Data"/>
    <Write Name="WriteDB" ConnectionString="Data Source=localhost;database=SmartSqlStarterDB;uid=root;pwd=SmartSql.Net;CharSet=utf8;SslMode=None;"/>  
  </Database>

  <TypeHandlers>
    <TypeHandler Name="Json" Type="SmartSql.TypeHandler.JsonTypeHandler,SmartSql.TypeHandler"/>
    <TypeHandler Name="Xml" Type="SmartSql.TypeHandler.XmlTypeHandler,SmartSql.TypeHandler"/>
  </TypeHandlers>
</SmartSqlMapConfig>