﻿<?xml version="1.0" encoding="utf-8" ?>
<!--
*******************************
 Create By Ahoo Wang 
 Date 2018-05-07 10:07
*******************************
-->
<SmartSqlMap Scope="Entity"  xmlns="http://SmartSql.net/schemas/SmartSqlMap.xsd">

  <Statements>
    <Statement Id="QueryParams">
      <Where>
        1=1
      </Where>
    </Statement>
    <Statement Id="Query">
      Select Top 10 * From T_Entity
      <Include RefId="QueryParams"></Include>
    </Statement>
  </Statements>
</SmartSqlMap>