﻿<?xml version="1.0" encoding="utf-8" ?>
<SmartSqlMapConfig xmlns="http://SmartSql.net/schemas/SmartSqlMapConfig.xsd">
  <Settings IsWatchConfigFile="true" />
  <Database>
    <!--ParameterPrefix:[SqlServer:@ | MySQL:? |Oracle::] -->
    <!--<DbProvider Name="MySqlClientFactory" ParameterPrefix="?" Type="MySql.Data.MySqlClient.MySqlClientFactory,MySql.Data"/>-->
    <!--<DbProvider Name="OracleClientFactory" ParameterPrefix=":" Type="Oracle.ManagedDataAccess.Client.OracleClientFactory,Oracle.ManagedDataAccess"/>-->
    <!--<DbProvider Name="NpgsqlFactory" ParameterPrefix="@" Type="Npgsql.NpgsqlFactory,Npgsql"/>-->
    <DbProvider Name="SqlClientFactory" ParameterPrefix="@" Type="System.Data.SqlClient.SqlClientFactory,System.Data.SqlClient"/>
    <Write Name="WriteDB" ConnectionString="Data Source=.;database=TestDB;uid=sa;pwd=SmartSql.net"/>
    <Read Name="ReadDB-0" ConnectionString="Data Source=.;database=TestDB;uid=sa;pwd=SmartSql.net" Weight="80"/>
    <Read Name="ReadDB-1" ConnectionString="Data Source=.;database=TestDB;uid=sa;pwd=SmartSql.net" Weight="20"/>
  </Database>

  <!--
  <TypeHandlers>
    <TypeHandler Name="Json" Type="SmartSql.TypeHandler.JsonTypeHandler,SmartSql.TypeHandler"/>
    <TypeHandler Name="Xml" Type="SmartSql.TypeHandler.XmlTypeHandler,SmartSql.TypeHandler"/>
  </TypeHandlers>
  -->
  <SmartSqlMaps>
    <SmartSqlMap Path="Maps" Type="Directory"></SmartSqlMap>
    <!--<SmartSqlMap Path="Maps/T_Table.xml"></SmartSqlMap>-->

  </SmartSqlMaps>
</SmartSqlMapConfig>
