﻿<?xml version="1.0" encoding="utf-8" ?>
<!--
*******************************
 Create By Ahoo Wang 
 Date 2018-05-07 10:07
*******************************
-->
<SmartSqlMap Scope="Entity"  xmlns="http://SmartSql.net/schemas/SmartSqlMap.xsd">
  <Statements>
    <Statement Id="QueryId">
      SELECT Top(10) T.FLong From T_Entity T With(NoLock)
    </Statement>
    <Statement Id="QueryStatus">
      SELECT Top(10) T.Status From T_Entity T With(NoLock)
    </Statement>
    <Statement Id="QueryNullStatus">
      SELECT Top(10) T.NullStatus From T_Entity T With(NoLock)
    </Statement>
    <!--新增-->
    <Statement Id="Insert">
      INSERT INTO T_Entity
      (FString
      ,FDecimal
      ,FNullDecimal
      ,FBool
      ,FNullBool
      ,Status
      ,NullStatus
      ,CreationTime
      ,LastUpdateTime)
      VALUES
      (@FString
      ,@FDecimal
      ,@FNullDecimal
      ,@FBool
      ,@FNullBool
      ,@Status
      ,@NullStatus
      ,@CreationTime
      ,@LastUpdateTime)
      ;Select Scope_Identity();
    </Statement>

    <!--删除-->
    <Statement Id="Delete">
      Delete T_Entity
      Where FLong=@Id
    </Statement>

    <!--更新-->
    <Statement Id="Update">
      UPDATE T_Entity
      <Set>
        <IsProperty Prepend="," Property="FString">
          FString = @FString
        </IsProperty>
        <IsProperty Prepend="," Property="FDecimal">
          FDecimal = @FDecimal
        </IsProperty>
        <IsProperty Prepend="," Property="FNullDecimal">
          FNullDecimal = @FNullDecimal
        </IsProperty>
        <IsProperty Prepend="," Property="FBool">
          FBool = @FBool
        </IsProperty>
        <IsProperty Prepend="," Property="FNullBool">
          FNullBool = @FNullBool
        </IsProperty>
        <IsProperty Prepend="," Property="Status">
          Status = @Status
        </IsProperty>
        <IsProperty Prepend="," Property="NullStatus">
          NullStatus = @NullStatus
        </IsProperty>
        <IsProperty Prepend="," Property="CreationTime">
          CreationTime = @CreationTime
        </IsProperty>
        <IsProperty Prepend="," Property="LastUpdateTime">
          LastUpdateTime = @LastUpdateTime
        </IsProperty>
      </Set>
      Where FLong=@FLong
    </Statement>
    <!--获取数据列-->
    <Statement Id="Query">
      Select
      <IsNotEmpty Prepend="Top" Property="Taken">
        (@Taken)
      </IsNotEmpty>
      T.* From T_Entity T With(NoLock)
    </Statement>
  </Statements>
</SmartSqlMap>