﻿<?xml version="1.0" encoding="utf-8" ?>
<!--
*******************************
 Create By Ahoo Wang 
 Date 2018-05-07 10:07
*******************************
-->
<SmartSqlMap Scope="SqlBuilder"  xmlns="http://SmartSql.net/schemas/SmartSqlMap.xsd">
  <Statements>
    <Statement Id="Placeholder_Test" >
      Select T.* From T_Entity T
      <Placeholder Prepend="Order By " Property="OrderBy"></Placeholder>
    </Statement>

    <Statement Id="OrderBy">
      <Placeholder Prepend="Order By " Property="OrderBy"></Placeholder>
    </Statement>
    <Statement Id="Placeholder_Include_Test" >
      Select T.* From T_Entity T
      <Include RefId="OrderBy"></Include>
    </Statement>

    <Statement Id="Placeholder_Table_Test">
      Select T.* From <Placeholder Prepend="T_Entity_" Property="Year"/> T
      <Where>
        <IsNotEmpty Prepend="And" Property="FString">
          T.FString=$FString
        </IsNotEmpty>
      </Where>
    </Statement>
    <Statement Id="Placeholder_Table_NoPrepend_Test">
      Select T.* From T_Entity_<Placeholder Property="Year"/> T
      <Where>
        <IsNotEmpty Prepend="And" Property="FString">
          T.FString=$FString
        </IsNotEmpty>
      </Where>
    </Statement>
  </Statements>
</SmartSqlMap>