﻿<?xml version="1.0" encoding="utf-8" ?>
<SmartSqlMapConfig xmlns="http://SmartSql.net/schemas/SmartSqlMapConfig.xsd">
  <Settings IsWatchConfigFile="false" IgnoreParameterCase="false" ParameterPrefix="$"  IsCacheEnabled="false"/>
  <Database>
    <!--ParameterPrefix:[SqlServer:@ | MySQL:? |Oracle::] -->
    <DbProvider Name="SqlClientFactory" ParameterPrefix="@" Type="System.Data.SqlClient.SqlClientFactory,System.Data.SqlClient"  />
    <Write Name="WriteDB" ConnectionString="Data Source=.;Initial Catalog=SmartSqlStarterDB;Integrated Security=True"/>
  </Database>
  <SmartSqlMaps>
    <SmartSqlMap Path="Maps" Type="Directory"></SmartSqlMap>
  </SmartSqlMaps>
</SmartSqlMapConfig>
